Model year;Make;Model;Vehicle class;Transmission;Fuel type;CO2 emissions (g/km);CO2 rating;Smog rating
2012;Mitsubishi;i-MiEV;Subcompact;A1;B;0;n/a;n/a
2012;Nissan;LEAF;Mid-size;A1;B;0;n/a;n/a
2013;Ford;Focus Electric;Compact;A1;B;0;n/a;n/a
2013;Mitsubishi;i-MiEV;Subcompact;A1;B;0;n/a;n/a
2013;Nissan;LEAF;Mid-size;A1;B;0;n/a;n/a
2013;smart;fortwo electric drive cabriolet;Two-seater;A1;B;0;n/a;n/a
2013;smart;fortwo electric drive coupe;Two-seater;A1;B;0;n/a;n/a
2013;Tesla;Model S (40 kWh);Full-size;A1;B;0;n/a;n/a
2013;Tesla;Model S (60 kWh);Full-size;A1;B;0;n/a;n/a
2013;Tesla;Model S (85 kWh);Full-size;A1;B;0;n/a;n/a
2013;Tesla;Model S Performance;Full-size;A1;B;0;n/a;n/a
2014;Chevrolet;Spark EV;Subcompact;A1;B;0;n/a;n/a
2014;Ford;Focus Electric;Compact;A1;B;0;n/a;n/a
2014;Mitsubishi;i-MiEV;Subcompact;A1;B;0;n/a;n/a
2014;Nissan;LEAF;Mid-size;A1;B;0;n/a;n/a
2014;smart;fortwo electric drive cabriolet;Two-seater;A1;B;0;n/a;n/a
2014;smart;fortwo electric drive coupe;Two-seater;A1;B;0;n/a;n/a
2014;Tesla;Model S (60 kWh);Full-size;A1;B;0;n/a;n/a
2014;Tesla;Model S (85 kWh);Full-size;A1;B;0;n/a;n/a
2014;Tesla;Model S Performance;Full-size;A1;B;0;n/a;n/a
2015;BMW;i3;Subcompact;A1;B;0;n/a;n/a
2015;Chevrolet;Spark EV;Subcompact;A1;B;0;n/a;n/a
2015;Ford;Focus Electric;Compact;A1;B;0;n/a;n/a
2015;Kia;Soul EV;Station wagon: Small;A1;B;0;n/a;n/a
2015;Mitsubishi;i-MiEV;Subcompact;A1;B;0;n/a;n/a
2015;Nissan;LEAF;Mid-size;A1;B;0;n/a;n/a
2015;smart;fortwo electric drive cabriolet;Two-seater;A1;B;0;n/a;n/a
2015;smart;fortwo electric drive coupe;Two-seater;A1;B;0;n/a;n/a
2015;Tesla;Model S (60 kWh);Full-size;A1;B;0;n/a;n/a
2015;Tesla;Model S (70 kWh);Full-size;A1;B;0;n/a;n/a
2015;Tesla;Model S (85/90 kWh);Full-size;A1;B;0;n/a;n/a
2015;Tesla;Model S 70D;Full-size;A1;B;0;n/a;n/a
2015;Tesla;Model S 85D/90D;Full-size;A1;B;0;n/a;n/a
2015;Tesla;Model S P85D/P90D;Full-size;A1;B;0;n/a;n/a
2016;BMW;i3;Subcompact;A1;B;0;10;n/a
2016;Chevrolet;Spark EV;Subcompact;A1;B;0;10;n/a
2016;Ford;Focus Electric;Compact;A1;B;0;10;n/a
2016;Kia;Soul EV;Station wagon: Small;A1;B;0;10;n/a
2016;Mitsubishi;i-MiEV;Subcompact;A1;B;0;10;n/a
2016;Nissan;LEAF (24 kWh);Mid-size;A1;B;0;10;n/a
2016;Nissan;LEAF (30 kWh);Mid-size;A1;B;0;10;n/a
2016;smart;fortwo electric drive cabriolet;Two-seater;A1;B;0;10;n/a
2016;smart;fortwo electric drive coupe;Two-seater;A1;B;0;10;n/a
2016;Tesla;Model S (60 kWh pre- 6/16);Full-size;A1;B;0;10;n/a
2016;Tesla;Model S (60 kWh);Full-size;A1;B;0;10;n/a
2016;Tesla;Model S (70 kWh);Full-size;A1;B;0;10;n/a
2016;Tesla;Model S (75 kWh);Full-size;A1;B;0;10;n/a
2016;Tesla;Model S (85/90 kWh);Full-size;A1;B;0;10;n/a
2016;Tesla;Model S 60D;Full-size;A1;B;0;10;n/a
2016;Tesla;Model S 70D;Full-size;A1;B;0;10;n/a
2016;Tesla;Model S 75D;Full-size;A1;B;0;10;n/a
2016;Tesla;Model S 85D/90D;Full-size;A1;B;0;10;n/a
2016;Tesla;Model S 90D (Refresh);Full-size;A1;B;0;10;n/a
2016;Tesla;Model S P85D/P90D;Full-size;A1;B;0;10;n/a
2016;Tesla;Model S P90D (Refresh);Full-size;A1;B;0;10;n/a
2016;Tesla;Model S P100D;Full-size;A1;B;0;10;n/a
2016;Tesla ;Model X 60D;Sport utility vehicle: Standard;A1;B;0;10;n/a
2016;Tesla;Model X 75D;Sport utility vehicle: Standard;A1;B;0;10;n/a
2016;Tesla;Model X 90D;Sport utility vehicle: Standard;A1;B;0;10;n/a
2016;Tesla;Model X P90D;Sport utility vehicle: Standard;A1;B;0;10;n/a
2016;Tesla;Model X P100D;Sport utility vehicle: Standard;A1;B;0;10;n/a
2017;BMW;i3 (60 Ah);Subcompact;A1;B;0;10;10
2017;BMW;i3 (94 Ah);Subcompact;A1;B;0;10;10
2017;Chevrolet;Bolt EV;Station wagon: Small;A1;B;0;10;10
2017;Ford;Focus Electric;Compact;A1;B;0;10;10
2017;Hyundai;IONIQ Electric;Mid-size;A1;B;0;10;10
2017;Kia;Soul EV;Station wagon: Small;A1;B;0;10;10
2017;Mitsubishi;i-MiEV;Subcompact;A1;B;0;10;10
2017;Nissan;LEAF;Mid-size;A1;B;0;10;10
2017;Tesla;Model S (60 kWh);Full-size;A1;B;0;10;10
2017;Tesla;Model S (75 kWh);Full-size;A1;B;0;10;10
2017;Tesla;Model S 60D;Full-size;A1;B;0;10;10
2017;Tesla;Model S 75D;Full-size;A1;B;0;10;10
2017;Tesla;Model S 90D;Full-size;A1;B;0;10;10
2017;Tesla;Model S 100D;Full-size;A1;B;0;10;10
2017;Tesla;Model S P90D;Full-size;A1;B;0;10;10
2017;Tesla ;Model S P100D;Full-size;A1;B;0;10;10
2017;Tesla ;Model X 60D;Sport utility vehicle: Standard;A1;B;0;10;10
2017;Tesla ;Model X 75D;Sport utility vehicle: Standard;A1;B;0;10;10
2017;Tesla ;Model X 90D;Sport utility vehicle: Standard;A1;B;0;10;10
2017;Tesla ;Model X 100D;Sport utility vehicle: Standard;A1;B;0;10;10
2017;Tesla ;Model X P90D;Sport utility vehicle: Standard;A1;B;0;10;10
2017;Tesla ;Model X P100D;Sport utility vehicle: Standard;A1;B;0;10;10
2017;Volkswagen;e-Golf;Compact;A1;B;0;10;10
2018;BMW;i3;Subcompact;A1;B;0;10;10
2018;BMW;i3s;Subcompact;A1;B;0;10;10
2018;Chevrolet;Bolt EV;Station wagon: Small;A1;B;0;10;10
2018;Ford;Focus Electric;Compact;A1;B;0;10;10
2018;Hyundai;IONIQ Electric;Mid-size;A1;B;0;10;10
2018;Kia;Soul EV;Station wagon: Small;A1;B;0;10;10
2018;Nissan;LEAF;Mid-size;A1;B;0;10;10
2018;smart;fortwo electric drive cabriolet;Two-seater;A1;B;0;10;10
2018;smart;fortwo electric drive coupe;Two-seater;A1;B;0;10;10
2018;Tesla;Model 3 Mid Range;Mid-size;A1;B;0;10;10
2018;Tesla;Model 3 Long Range;Mid-size;A1;B;0;10;10
2018;Tesla;Model 3 Long Range AWD;Mid-size;A1;B;0;10;10
2018;Tesla;Model 3 Long Range AWD Performance;Mid-size;A1;B;0;10;10
2018;Tesla;Model S (75 kWh);Full-size;A1;B;0;10;10
2018;Tesla;Model S 75D;Full-size;A1;B;0;10;10
2018;Tesla;Model S 100D;Full-size;A1;B;0;10;10
2018;Tesla;Model S P100D;Full-size;A1;B;0;10;10
2018;Tesla;Model X 75D;Sport utility vehicle: Standard;A1;B;0;10;10
2018;Tesla;Model X 100D;Sport utility vehicle: Standard;A1;B;0;10;10
2018;Tesla;Model X P100D;Sport utility vehicle: Standard;A1;B;0;10;10
2018;Volkswagen;e-Golf;Compact;A1;B;0;10;10
2019;Audi;e-tron 55 quattro;Sport utility vehicle: Standard;A1;B;0;10;10
2019;BMW;i3 (120 Ah);Subcompact;A1;B;0;10;10
2019;BMW;i3s (120 Ah);Subcompact;A1;B;0;10;10
2019;Chevrolet;Bolt EV;Station wagon: Small;A1;B;0;10;10
2019;Hyundai;IONIQ Electric;Mid-size;A1;B;0;10;10
2019;Hyundai;Kona Electric;Sport utility vehicle: Small;A1;B;0;10;10
2019;Jaguar;I-PACE;Sport utility vehicle: Small;A1;B;0;10;10
2019;Kia;Niro EV;Station wagon: Small;A1;B;0;10;10
2019;Kia;Soul EV;Station wagon: Small;A1;B;0;10;10
2019;Nissan;LEAF (40 kWh);Mid-size;A1;B;0;10;10
2019;Nissan;LEAF S PLUS;Mid-size;A1;B;0;10;10
2019;Nissan;LEAF SV/SL PLUS;Mid-size;A1;B;0;10;10
2019;smart EQ;fortwo cabriolet;Two-seater;A1;B;0;10;10
2019;smart EQ;fortwo coupe;Two-seater;A1;B;0;10;10
2019;Tesla;Model 3 Standard Range;Mid-size;A1;B;0;10;10
2019;Tesla;Model 3 Standard Range Plus;Mid-size;A1;B;0;10;10
2019;Tesla;Model 3 Mid Range;Mid-size;A1;B;0;10;10
2019;Tesla;Model 3 Long Range;Mid-size;A1;B;0;10;10
2019;Tesla;Model 3 Long Range AWD;Mid-size;A1;B;0;10;10
2019;Tesla;Model 3 Long Range AWD Performance;Mid-size;A1;B;0;10;10
2019;Tesla;Model S 75D;Full-size;A1;B;0;10;10
2019;Tesla;Model S 100D;Full-size;A1;B;0;10;10
2019;Tesla;Model S P100D;Full-size;A1;B;0;10;10
2019;Tesla;Model S Standard Range;Full-size;A1;B;0;10;10
2019;Tesla;Model S Long Range;Full-size;A1;B;0;10;10
2019;Tesla;"Model S Performance (19"" Wheels)";Full-size;A1;B;0;10;10
2019;Tesla;"Model S Performance (21"" Wheels)";Full-size;A1;B;0;10;10
2019;Tesla;Model X 75D;Sport utility vehicle: Standard;A1;B;0;10;10
2019;Tesla;Model X 100D;Sport utility vehicle: Standard;A1;B;0;10;10
2019;Tesla;Model X P100D;Sport utility vehicle: Standard;A1;B;0;10;10
2019;Tesla;Model X Standard Range;Sport utility vehicle: Standard;A1;B;0;10;10
2019;Tesla;Model X Long Range;Sport utility vehicle: Standard;A1;B;0;10;10
2019;Tesla;"Model X Performance (20"" Wheels)";Sport utility vehicle: Standard;A1;B;0;10;10
2019;Tesla;"Model X Performance (22"" Wheels)";Sport utility vehicle: Standard;A1;B;0;10;10
2019;Volkswagen;e-Golf;Compact;A1;B;0;10;10
2020;Audi;e-tron Sportback 55 quattro;Sport utility vehicle: Standard;A1;B;0;10;10
2020;BMW;i3 (120 Ah);Subcompact;A1;B;0;10;10
2020;BMW;i3s (120 Ah);Subcompact;A1;B;0;10;10
2020;Chevrolet;Bolt EV;Station wagon: Small;A1;B;0;10;10
2020;Hyundai;IONIQ Electric;Mid-size;A1;B;0;10;10
2020;Hyundai;Kona Electric;Sport utility vehicle: Small;A1;B;0;10;10
2020;Jaguar;I-PACE;Sport utility vehicle: Small;A1;B;0;10;10
2020;Kia;Niro EV;Station wagon: Small;A1;B;0;10;10
2020;Kia;Soul EV (120 Ah);Station wagon: Small;A1;B;0;10;10
2020;Kia;Soul EV (180 Ah);Station wagon: Small;A1;B;0;10;10
2020;MINI;Cooper SE 3 Door;Subcompact;A1;B;0;10;10
2020;Nissan;LEAF (40 kWh);Mid-size;A1;B;0;10;10
2020;Nissan;LEAF S PLUS;Mid-size;A1;B;0;10;10
2020;Nissan;LEAF SV/SL PLUS;Mid-size;A1;B;0;10;10
2020;Porsche;Taycan 4S (Performance Battery Plus);Compact;A2;B;0;10;10
2020;Porsche;Taycan Turbo;Compact;A2;B;0;10;10
2020;Porsche;Taycan Turbo S;Compact;A2;B;0;10;10
2020;Tesla;Model 3 Standard Range;Mid-size;A1;B;0;10;10
2020;Tesla;Model 3 Standard Range Plus;Mid-size;A1;B;0;10;10
2020;Tesla;Model 3 Mid Range;Mid-size;A1;B;0;10;10
2020;Tesla;Model 3 Long Range;Mid-size;A1;B;0;10;10
2020;Tesla;Model 3 Long Range AWD;Mid-size;A1;B;0;10;10
2020;Tesla;"Model 3 Long Range AWD Performance (18"" Wheels)";Mid-size;A1;B;0;10;10
2020;Tesla;"Model 3 Long Range AWD Performance (19"" Wheels)";Mid-size;A1;B;0;10;10
2020;Tesla;"Model 3 Long Range AWD Performance (20"" Wheels)";Mid-size;A1;B;0;10;10
2020;Tesla;Model S Standard Range;Full-size;A1;B;0;10;10
2020;Tesla;Model S Long Range;Full-size;A1;B;0;10;10
2020;Tesla;Model S Long Range Plus (pre-15/6/20);Full-size;A1;B;0;10;10
2020;Tesla;Model S Long Range Plus;Full-size;A1;B;0;10;10
2020;Tesla;"Model S Performance (19"" Wheels)";Full-size;A1;B;0;10;10
2020;Tesla;"Model S Performance (21"" Wheels)";Full-size;A1;B;0;10;10
2020;Tesla;Model X Standard Range;Sport utility vehicle: Standard;A1;B;0;10;10
2020;Tesla;Model X Long Range;Sport utility vehicle: Standard;A1;B;0;10;10
2020;Tesla;Model X Long Range Plus;Sport utility vehicle: Standard;A1;B;0;10;10
2020;Tesla;"Model X Performance (20"" Wheels)";Sport utility vehicle: Standard;A1;B;0;10;10
2020;Tesla;"Model X Performance (22"" Wheels)";Sport utility vehicle: Standard;A1;B;0;10;10
2020;Tesla;Model Y Long Range AWD;Sport utility vehicle: Small;A1;B;0;10;10
2020;Tesla;Model Y Performance;Sport utility vehicle: Small;A1;B;0;10;10
2020;Tesla;"Model Y Performance (21"" Wheels)";Sport utility vehicle: Small;A1;B;0;10;10
2020;Volkswagen;e-Golf;Compact;A1;B;0;10;10
2021;Audi;e-tron 55 quattro;Sport utility vehicle: Standard;A1;B;0;10;10
2021;Audi;e-tron Sportback 55 quattro;Sport utility vehicle: Standard;A1;B;0;10;10
2021;BMW;i3 (120 Ah);Subcompact;A1;B;0;10;10
2021;BMW;i3s (120 Ah);Subcompact;A1;B;0;10;10
2021;Chevrolet;Bolt EV;Station wagon: Small;A1;B;0;10;10
2021;Ford;Mustang Mach-E Standard Range;Station wagon: Small;A1;B;0;10;10
2021;Ford;Mustang Mach-E Standard Range AWD;Station wagon: Small;A1;B;0;10;10
2021;Ford;"Mustang Mach-E Extended Range (19"" Wheels)";Station wagon: Small;A1;B;0;10;10
2021;Ford;Mustang Mach-E Extended Range AWD;Station wagon: Small;A1;B;0;10;10
2021;Ford;Mustang Mach-E California Route 1;Station wagon: Small;A1;B;0;10;10
2021;Ford;Mustang Mach-E GT Performance Edition;Station wagon: Small;A1;B;0;10;10
2021;Hyundai;IONIQ Electric;Mid-size;A1;B;0;10;10
2021;Hyundai;Kona Electric;Sport utility vehicle: Small;A1;B;0;10;10
2021;Kia;Niro EV;Station wagon: Small;A1;B;0;10;10
2021;Kia;Soul EV (120 Ah);Station wagon: Small;A1;B;0;10;10
2021;Kia;Soul EV (180 Ah);Station wagon: Small;A1;B;0;10;10
2021;MINI;Cooper SE 3 Door;Subcompact;A1;B;0;10;10
2021;Nissan;LEAF (40 kWh);Mid-size;A1;B;0;10;10
2021;Nissan;LEAF S PLUS;Mid-size;A1;B;0;10;10
2021;Nissan;LEAF SV/SL PLUS;Mid-size;A1;B;0;10;10
2021;Polestar;2;Mid-size;A1;B;0;10;10
2021;Porsche;Taycan 4 Cross Turismo;Mid-size;A2;B;0;10;10
2021;Porsche;Taycan 4S (Performance Battery);Compact;A2;B;0;10;10
2021;Porsche;Taycan 4S (Performance Battery Plus);Compact;A2;B;0;10;10
2021;Porsche;Taycan 4S Cross Turismo;Mid-size;A2;B;0;10;10
2021;Porsche;Taycan Turbo;Compact;A2;B;0;10;10
2021;Porsche;Taycan Turbo Cross Turismo;Mid-size;A2;B;0;10;10
2021;Porsche;Taycan Turbo S;Compact;A2;B;0;10;10
2021;Porsche;Taycan Turbo S Cross Turismo;Mid-size;A2;B;0;10;10
2021;Tesla;Model 3 Standard Range;Mid-size;A1;B;0;10;10
2021;Tesla;Model 3 Standard Range Plus;Mid-size;A1;B;0;10;10
2021;Tesla;Model 3 Long Range AWD;Mid-size;A1;B;0;10;10
2021;Tesla;Model 3 Performance;Mid-size;A1;B;0;10;10
2021;Tesla;Model S Long Range;Full-size;A1;B;0;10;10
2021;Tesla;Model S Long Range Plus;Full-size;A1;B;0;10;10
2021;Tesla;"Model S Performance (19"" Wheels)";Full-size;A1;B;0;10;10
2021;Tesla;"Model S Performance (21"" Wheels)";Full-size;A1;B;0;10;10
2021;Tesla;"Model S Plaid (19"" Wheels)";Full-size;A1;B;0;10;10
2021;Tesla;"Model S Plaid (21"" Wheels)";Full-size;A1;B;0;10;10
2021;Tesla;Model X Long Range;Sport utility vehicle: Standard;A1;B;0;10;10
2021;Tesla;Model X Long Range Plus;Sport utility vehicle: Standard;A1;B;0;10;10
2021;Tesla;"Model X Performance (20"" Wheels)";Sport utility vehicle: Standard;A1;B;0;10;10
2021;Tesla;"Model X Performance (22"" Wheels)";Sport utility vehicle: Standard;A1;B;0;10;10
2021;Tesla;Model Y Standard Range;Sport utility vehicle: Small;A1;B;0;10;10
2021;Tesla;Model Y Long Range AWD;Sport utility vehicle: Small;A1;B;0;10;10
2021;Tesla;Model Y Performance;Sport utility vehicle: Small;A1;B;0;10;10
2021;Volkswagen;ID.4 Pro;Sport utility vehicle: Small;A1;B;0;10;10
2021;Volkswagen;ID.4 AWD Pro;Sport utility vehicle: Small;A1;B;0;10;10
2021;Volvo;XC40 Recharge;Sport utility vehicle: Small;A1;B;0;10;10
2022;Audi;e-tron 55 quattro;Sport utility vehicle: Standard;A1;B;0;10;10
2022;Audi;e-tron Sportback 55 quattro;Sport utility vehicle: Standard;A1;B;0;10;10
2022;Audi;"e-tron S Sportback quattro (20"" Wheels)";Sport utility vehicle: Standard;A1;B;0;10;10
2022;Audi;"e-tron S Sportback quattro (21"" or 22"" Wheels)";Sport utility vehicle: Standard;A1;B;0;10;10
2022;Audi;e-tron GT;Compact;A2;B;0;10;10
2022;Audi;RS e-tron GT;Compact;A2;B;0;10;10
2022;Audi;Q4 50 e-tron quattro;Sport utility vehicle: Small;A1;B;0;10;10
2022;Audi;Q4 50 e-tron Sportback quattro;Sport utility vehicle: Small;A1;B;0;10;10
2022;BMW;"i4 eDrive40 (18"" Wheels)";Subcompact;A1;B;0;10;10
2022;BMW;"i4 eDrive40 (19"" Wheels)";Subcompact;A1;B;0;10;10
2022;BMW;"i4 M50 xDrive (19"" Wheels)";Subcompact;A1;B;0;10;10
2022;BMW;"i4 M50 xDrive (20"" Wheels)";Subcompact;A1;B;0;10;10
2022;BMW;"iX xDrive50 (20"" Wheels)";Sport utility vehicle: Standard;A1;B;0;10;10
2022;BMW;"iX xDrive50 (21"" Wheels)";Sport utility vehicle: Standard;A1;B;0;10;10
2022;BMW;"iX xDrive50 (22"" Wheels)";Sport utility vehicle: Standard;A1;B;0;10;10
2022;Chevrolet;Bolt EUV;Station wagon: Small;A1;B;0;10;10
2022;Chevrolet;Bolt EV;Station wagon: Small;A1;B;0;10;10
2022;Ford;F-150 Lightning Standard Range;Pickup truck: Standard;A1;B;0;10;10
2022;Ford;F-150 Lightning Extended Range;Pickup truck: Standard;A1;B;0;10;10
2022;Ford;F-150 Lightning Platinum;Pickup truck: Standard;A1;B;0;10;10
2022;Ford;Mustang Mach-E Standard Range;Sport utility vehicle: Small;A1;B;0;10;10
2022;Ford;Mustang Mach-E Standard Range AWD;Sport utility vehicle: Small;A1;B;0;10;10
2022;Ford;Mustang Mach-E Extended Range;Sport utility vehicle: Small;A1;B;0;10;10
2022;Ford;Mustang Mach-E Extended Range AWD;Sport utility vehicle: Small;A1;B;0;10;10
2022;Ford;Mustang Mach-E California Route 1;Sport utility vehicle: Small;A1;B;0;10;10
2022;Ford;Mustang Mach-E California Route 1 AWD;Sport utility vehicle: Small;A1;B;0;10;10
2022;Ford;Mustang Mach-E GT Performance Edition;Sport utility vehicle: Small;A1;B;0;10;10
2022;Hyundai;IONIQ 5 Standard Range;Full-size;A1;B;0;10;10
2022;Hyundai;IONIQ 5 Long Range;Full-size;A1;B;0;10;10
2022;Hyundai;IONIQ 5 Long Range AWD;Full-size;A1;B;0;10;10
2022;Hyundai;Kona Electric;Sport utility vehicle: Small;A1;B;0;10;10
2022;Jaguar;I-PACE;Sport utility vehicle: Small;A1;B;0;10;10
2022;Kia;EV6 Standard Range;Station wagon: Small;A1;B;0;10;10
2022;Kia;EV6 Long Range;Station wagon: Small;A1;B;0;10;10
2022;Kia;EV6 Long Range AWD;Station wagon: Small;A1;B;0;10;10
2022;Kia;Niro EV;Station wagon: Small;A1;B;0;10;10
2022;Kia;Soul EV (120 Ah);Station wagon: Small;A1;B;0;10;10
2022;Kia;Soul EV (180 Ah);Station wagon: Small;A1;B;0;10;10
2022;Lucid;"Air Dream P AWD (19"" Wheels)";Full-size;A1;B;0;10;10
2022;Lucid;"Air Dream P AWD (21"" Wheels)";Full-size;A1;B;0;10;10
2022;Lucid;"Air Dream R AWD (19"" Wheels)";Full-size;A1;B;0;10;10
2022;Lucid;"Air Dream R AWD (21"" Wheels)";Full-size;A1;B;0;10;10
2022;Lucid;"Air Grand Touring AWD (19"" Wheels)";Full-size;A1;B;0;10;10
2022;Lucid;"Air Grand Touring AWD (21"" Wheels)";Full-size;A1;B;0;10;10
2022;Mazda;MX-30;Mid-size;A1;B;0;10;10
2022;Mercedes-Benz;EQB 350 4MATIC SUV;Sport utility vehicle: Small;A1;B;0;10;10
2022;Mercedes-Benz;EQS 580 4MATIC Sedan;Full-size;A1;B;0;10;10
2022;MINI;Cooper SE 3 Door;Subcompact;A1;B;0;10;10
2022;Nissan;LEAF (40 kWh);Mid-size;A1;B;0;10;10
2022;Nissan;LEAF S PLUS;Mid-size;A1;B;0;10;10
2022;Nissan;LEAF SV/SL PLUS;Mid-size;A1;B;0;10;10
2022;Polestar;2 Single Motor;Mid-size;A1;B;0;10;10
2022;Polestar;2 Dual Motor;Mid-size;A1;B;0;10;10
2022;Porsche;Taycan 4 Cross Turismo;Mid-size;A2;B;0;10;10
2022;Porsche;Taycan 4S (Performance Battery);Compact;A2;B;0;10;10
2022;Porsche;Taycan 4S (Performance Battery Plus);Compact;A2;B;0;10;10
2022;Porsche;Taycan 4S Cross Turismo;Mid-size;A2;B;0;10;10
2022;Porsche;Taycan GTS;Compact;A2;B;0;10;10
2022;Porsche;Taycan GTS Sport Turismo;Compact;A2;B;0;10;10
2022;Porsche;Taycan Turbo;Compact;A2;B;0;10;10
2022;Porsche;Taycan Turbo Cross Turismo;Mid-size;A2;B;0;10;10
2022;Porsche;Taycan Turbo S;Compact;A2;B;0;10;10
2022;Porsche;Taycan Turbo S Cross Turismo;Mid-size;A2;B;0;10;10
2022;Rivian;R1S;Sport utility vehicle: Standard;A1;B;0;10;10
2022;Rivian;R1T;Pickup truck: Standard;A1;B;0;10;10
2022;Tesla;Model 3 Standard Range;Mid-size;A1;B;0;10;10
2022;Tesla;Model 3 RWD;Mid-size;A1;B;0;10;10
2022;Tesla;Model 3 Long Range AWD;Mid-size;A1;B;0;10;10
2022;Tesla;Model 3 Performance;Mid-size;A1;B;0;10;10
2022;Tesla;Model S;Full-size;A1;B;0;10;10
2022;Tesla;"Model S Plaid (19"" Wheels)";Full-size;A1;B;0;10;10
2022;Tesla;"Model S Plaid (21"" Wheels)";Full-size;A1;B;0;10;10
2022;Tesla;Model X;Sport utility vehicle: Standard;A1;B;0;10;10
2022;Tesla;"Model X Plaid (20"" Wheels)";Sport utility vehicle: Standard;A1;B;0;10;10
2022;Tesla;"Model X Plaid (22"" Wheels)";Sport utility vehicle: Standard;A1;B;0;10;10
2022;Tesla;Model Y AWD;Sport utility vehicle: Small;A1;B;0;10;10
2022;Tesla;Model Y Long Range AWD;Sport utility vehicle: Small;A1;B;0;10;10
2022;Tesla;Model Y Performance;Sport utility vehicle: Small;A1;B;0;10;10
2022;Volkswagen;ID.4 Pro;Sport utility vehicle: Small;A1;B;0;10;10
2022;Volkswagen;ID.4 AWD Pro;Sport utility vehicle: Small;A1;B;0;10;10
2022;Volvo;C40 Recharge Twin;Sport utility vehicle: Small;A1;B;0;10;10
2022;Volvo;XC40 Recharge Twin;Sport utility vehicle: Small;A1;B;0;10;10
2023;Audi;e-tron 55 quattro;Sport utility vehicle: Standard;A1;B;0;10;10
2023;Audi;e-tron Sportback 55 quattro;Sport utility vehicle: Standard;A1;B;0;10;10
2023;Audi;e-tron GT;Compact;A2;B;0;10;10
2023;Audi;RS e-tron GT;Compact;A2;B;0;10;10
2023;Audi;Q4 50 e-tron quattro;Sport utility vehicle: Small;A1;B;0;10;10
2023;Audi;Q4 Sportback 50 e-tron quattro;Sport utility vehicle: Small;A1;B;0;10;10
2023;BMW;"i4 eDrive35 Gran Coupe (18"" Wheels)";Subcompact;A1;B;0;10;10
2023;BMW;"i4 eDrive35 Gran Coupe (19"" Wheels)";Subcompact;A1;B;0;10;10
2023;BMW;"i4 eDrive40 Gran Coupe (18"" Wheels)";Subcompact;A1;B;0;10;10
2023;BMW;"i4 eDrive40 Gran Coupe (19"" Wheels)";Subcompact;A1;B;0;10;10
2023;BMW;"i4 M50 Gran Coupe (19"" Wheels)";Subcompact;A1;B;0;10;10
2023;BMW;"i4 M50 Gran Coupe (20"" Wheels)";Subcompact;A1;B;0;10;10
2023;BMW;"i7 xDrive60 (19"" Wheels)";Full-size;A1;B;0;10;10
2023;BMW;"i7 xDrive60 (20"" Wheels)";Full-size;A1;B;0;10;10
2023;BMW;"i7 xDrive60 (21"" Wheels)";Full-size;A1;B;0;10;10
2023;BMW;"iX xDrive40 (20"" Wheels)";Sport utility vehicle: Standard;A1;B;0;10;10
2023;BMW;"iX xDrive40 (21"" Wheels)";Sport utility vehicle: Standard;A1;B;0;10;10
2023;BMW;"iX xDrive40 (22"" Wheels)";Sport utility vehicle: Standard;A1;B;0;10;10
2023;BMW;"iX xDrive50 (20"" Wheels)";Sport utility vehicle: Standard;A1;B;0;10;10
2023;BMW;"iX xDrive50 (21"" Wheels)";Sport utility vehicle: Standard;A1;B;0;10;10
2023;BMW;"iX xDrive50 (22"" Wheels)";Sport utility vehicle: Standard;A1;B;0;10;10
2023;BMW;"iX M60 (21"" Wheels)";Sport utility vehicle: Standard;A1;B;0;10;10
2023;BMW;"iX M60 (22"" Wheels)";Sport utility vehicle: Standard;A1;B;0;10;10
2023;Cadillac;LYRIQ;Sport utility vehicle: Small;A1;B;0;10;10
2023;Cadillac;LYRIQ AWD;Sport utility vehicle: Small;A1;B;0;10;10
2023;Chevrolet;Bolt EUV;Station wagon: Small;A1;B;0;10;10
2023;Chevrolet;Bolt EV;Station wagon: Small;A1;B;0;10;10
2023;Fisker;Ocean Extreme/One;Sport utility vehicle: Standard;A1;B;0;10;10
2023;Fisker;Ocean Ultra;Sport utility vehicle: Standard;A1;B;0;10;10
2023;Ford;F-150 Lightning Standard Range;Pickup truck: Standard;A1;B;0;10;10
2023;Ford;F-150 Lightning Extended Range;Pickup truck: Standard;A1;B;0;10;10
2023;Ford;F-150 Lightning Platinum;Pickup truck: Standard;A1;B;0;10;10
2023;Ford;Mustang Mach-E Standard Range;Sport utility vehicle: Small;A1;B;0;10;10
2023;Ford;Mustang Mach-E Standard Range (LFP);Sport utility vehicle: Small;A1;B;0;10;10
2023;Ford;Mustang Mach-E Standard Range AWD;Sport utility vehicle: Small;A1;B;0;10;10
2023;Ford;Mustang Mach-E Standard Range AWD (LFP);Sport utility vehicle: Small;A1;B;0;10;10
2023;Ford;Mustang Mach-E Extended Range;Sport utility vehicle: Small;A1;B;0;10;10
2023;Ford;Mustang Mach-E Extended Range AWD;Sport utility vehicle: Small;A1;B;0;10;10
2023;Ford;Mustang Mach-E California Route 1 AWD;Sport utility vehicle: Small;A1;B;0;10;10
2023;Ford;Mustang Mach-E GT Performance Edition;Sport utility vehicle: Small;A1;B;0;10;10
2023;Genesis;Electrified G80;Full-size;A1;B;0;10;10
2023;Genesis;GV60 Advanced AWD;Full-size;A1;B;0;10;10
2023;Genesis;GV60 Performance AWD;Full-size;A1;B;0;10;10
2023;Genesis;Electrified GV70;Sport utility vehicle: Small;A1;B;0;10;10
2023;Hyundai;IONIQ 5 Standard Range;Full-size;A1;B;0;10;10
2023;Hyundai;IONIQ 5 Long Range;Full-size;A1;B;0;10;10
2023;Hyundai;IONIQ 5 Long Range AWD;Full-size;A1;B;0;10;10
2023;Hyundai;IONIQ 6 Standard Range;Mid-size;A1;B;0;10;10
2023;Hyundai;IONIQ 6 Long Range (18'' Wheels);Mid-size;A1;B;0;10;10
2023;Hyundai;IONIQ 6 Long Range AWD (18'' Wheels);Mid-size;A1;B;0;10;10
2023;Hyundai;IONIQ 6 Long Range AWD (20'' Wheels);Mid-size;A1;B;0;10;10
2023;Hyundai;Kona Electric;Sport utility vehicle: Small;A1;B;0;10;10
2023;Jaguar;I-PACE;Sport utility vehicle: Small;A1;B;0;10;10
2023;Kia;EV6 Standard Range;Station wagon: Small;A1;B;0;10;10
2023;Kia;EV6 Long Range;Station wagon: Small;A1;B;0;10;10
2023;Kia;"EV6 Long Range AWD (19"" Wheels)";Station wagon: Small;A1;B;0;10;10
2023;Kia;"EV6 Long Range AWD (20"" Wheels)";Station wagon: Small;A1;B;0;10;10
2023;Kia;EV6 GT AWD;Station wagon: Small;A1;B;0;10;10
2023;Kia;Niro EV;Station wagon: Small;A1;B;0;10;10
2023;Kia;Soul EV (120 Ah);Station wagon: Small;A1;B;0;10;10
2023;Kia;Soul EV (180 Ah);Station wagon: Small;A1;B;0;10;10
2023;Lexus;"RZ 450e AWD (18"" Wheels)";Sport utility vehicle: Small;A1;B;0;10;10
2023;Lexus;"RZ 450e AWD (20"" Wheels)";Sport utility vehicle: Small;A1;B;0;10;10
2023;Lucid;"Air Grand Touring XR (19"" Wheels)";Full-size;A1;B;0;10;10
2023;Lucid;"Air Grand Touring XR (20"" Wheels)";Full-size;A1;B;0;10;10
2023;Lucid;"Air Grand Touring XR (21"" Wheels)";Full-size;A1;B;0;10;10
2023;Lucid;"Air Grand Touring Performance (21"" Wheels)";Full-size;A1;B;0;10;10
2023;Lucid;"Air Pure (19"" Wheels)";Full-size;A1;B;0;10;10
2023;Lucid;"Air Pure (20"" Wheels)";Full-size;A1;B;0;10;10
2023;Lucid;"Air Touring (19"" Wheels)";Full-size;A1;B;0;10;10
2023;Lucid;"Air Touring (20"" Wheels)";Full-size;A1;B;0;10;10
2023;Lucid;"Air Touring (21"" Wheels)";Full-size;A1;B;0;10;10
2023;Mazda;MX-30;Mid-size;A1;B;0;10;10
2023;Mercedes-Benz;AMG EQE 4MATIC+ Sedan;Mid-size;A1;B;0;10;10
2023;Mercedes-Benz;AMG EQS 4MATIC+ Sedan;Full-size;A1;B;0;10;10
2023;Mercedes-Benz;EQB 250+;Sport utility vehicle: Small;A1;B;0;10;10
2023;Mercedes-Benz;EQB 350 4MATIC SUV;Sport utility vehicle: Small;A1;B;0;10;10
2023;Mercedes-Benz;EQE 350 4MATIC Sedan;Mid-size;A1;B;0;10;10
2023;Mercedes-Benz;EQE 350 4MATIC SUV;Sport utility vehicle: Standard;A1;B;0;10;10
2023;Mercedes-Benz;EQE 500 4MATIC Sedan;Mid-size;A1;B;0;10;10
2023;Mercedes-Benz;EQE 500 4MATIC SUV;Sport utility vehicle: Standard;A1;B;0;10;10
2023;Mercedes-Benz;EQS 450 4MATIC Sedan;Full-size;A1;B;0;10;10
2023;Mercedes-Benz;EQS 450 4MATIC SUV;Sport utility vehicle: Standard;A1;B;0;10;10
2023;Mercedes-Benz;EQS 580 4MATIC Sedan;Full-size;A1;B;0;10;10
2023;Mercedes-Benz;EQS 580 4MATIC SUV;Sport utility vehicle: Standard;A1;B;0;10;10
2023;MINI;Cooper SE 3 Door;Subcompact;A1;B;0;10;10
2023;Polestar;2 Single Motor;Mid-size;A1;B;0;10;10
2023;Polestar;2 Dual Motor;Mid-size;A1;B;0;10;10
2023;Polestar;2 Dual Motor Performance Pack;Mid-size;A1;B;0;10;10
2023;Polestar;2 BST Edition;Mid-size;A1;B;0;10;10
2023;Porsche;Taycan 4S (Performance Battery);Compact;A2;B;0;10;10
2023;Porsche;Taycan 4S (Performance Battery Plus);Compact;A2;B;0;10;10
2023;Porsche;Taycan 4S Cross Turismo;Mid-size;A2;B;0;10;10
2023;Porsche;Taycan GTS;Compact;A2;B;0;10;10
2023;Porsche;Taycan GTS Sport Turismo;Compact;A2;B;0;10;10
2023;Porsche;Taycan Turbo;Compact;A2;B;0;10;10
2023;Porsche;Taycan Turbo Cross Turismo;Mid-size;A2;B;0;10;10
2023;Porsche;Taycan Turbo S;Compact;A2;B;0;10;10
2023;Porsche;Taycan Turbo S Cross Turismo;Mid-size;A2;B;0;10;10
2023;Rivian;"R1S (20"" Wheels)";Sport utility vehicle: Standard;A1;B;0;10;10
2023;Rivian;"R1S (20"" Wheels) All-Terrain";Sport utility vehicle: Standard;A1;B;0;10;10
2023;Rivian;"R1S (20"" Wheels) AT Dual Large";Sport utility vehicle: Standard;A1;B;0;10;10
2023;Rivian;"R1S (20"" Wheels) AT Performance Dual Large";Sport utility vehicle: Standard;A1;B;0;10;10
2023;Rivian;"R1S (20"" Wheels) AT Dual Max";Sport utility vehicle: Standard;A1;B;0;10;10
2023;Rivian;"R1S (20"" Wheels) AT Performance Dual Max";Sport utility vehicle: Standard;A1;B;0;10;10
2023;Rivian;"R1S (21"" Wheels)";Sport utility vehicle: Standard;A1;B;0;10;10
2023;Rivian;"R1S (21"" Wheels) Dual Large";Sport utility vehicle: Standard;A1;B;0;10;10
2023;Rivian;"R1S (21"" Wheels) Performance Dual Large";Sport utility vehicle: Standard;A1;B;0;10;10
2023;Rivian;"R1S (21"" Wheels) Dual Max";Sport utility vehicle: Standard;A1;B;0;10;10
2023;Rivian;"R1S (21"" Wheels) Performance Dual Max";Sport utility vehicle: Standard;A1;B;0;10;10
2023;Rivian;"R1S (22"" Wheels)";Sport utility vehicle: Standard;A1;B;0;10;10
2023;Rivian;"R1S (22"" Wheels) Dual Large";Sport utility vehicle: Standard;A1;B;0;10;10
2023;Rivian;"R1S (22"" Wheels) Performance Dual Large";Sport utility vehicle: Standard;A1;B;0;10;10
2023;Rivian;"R1S (22"" Wheels) Dual Max";Sport utility vehicle: Standard;A1;B;0;10;10
2023;Rivian;"R1S (22"" Wheels) Performance Dual Max";Sport utility vehicle: Standard;A1;B;0;10;10
2023;Rivian;"R1T (20"" Wheels)";Pickup truck: Standard;A1;B;0;10;10
2023;Rivian;"R1T (20"" Wheels) All-Terrain";Pickup truck: Standard;A1;B;0;10;10
2023;Rivian;"R1T (20"" Wheels) AT Dual Large";Pickup truck: Standard;A1;B;0;10;10
2023;Rivian;"R1T (20"" Wheels) AT Performance Dual Large";Pickup truck: Standard;A1;B;0;10;10
2023;Rivian;"R1T (20"" Wheels) AT Dual Max";Pickup truck: Standard;A1;B;0;10;10
2023;Rivian;"R1T (20"" Wheels) AT Performance Dual Max";Pickup truck: Standard;A1;B;0;10;10
2023;Rivian;"R1T (21"" Wheels)";Pickup truck: Standard;A1;B;0;10;10
2023;Rivian;"R1T (21"" Wheels) Dual Large";Pickup truck: Standard;A1;B;0;10;10
2023;Rivian;"R1T (21"" Wheels) Performance Dual Large";Pickup truck: Standard;A1;B;0;10;10
2023;Rivian;"R1T (21"" Wheels) Dual Max";Pickup truck: Standard;A1;B;0;10;10
2023;Rivian;"R1T (21"" Wheels) Performance Dual Max";Pickup truck: Standard;A1;B;0;10;10
2023;Rivian;"R1T (22"" Wheels)";Pickup truck: Standard;A1;B;0;10;10
2023;Rivian;"R1T (22"" Wheels) Dual Large";Pickup truck: Standard;A1;B;0;10;10
2023;Rivian;"R1T (22"" Wheels) Performance Dual Large";Pickup truck: Standard;A1;B;0;10;10
2023;Rivian;"R1T (22"" Wheels) Dual Max";Pickup truck: Standard;A1;B;0;10;10
2023;Rivian;"R1T (22"" Wheels) Performance Dual Max";Pickup truck: Standard;A1;B;0;10;10
2023;Subaru;Solterra AWD;Sport utility vehicle: Small;A1;B;0;10;10
2023;Tesla;Model 3 RWD;Mid-size;A1;B;0;10;10
2023;Tesla;Model 3 Long Range AWD (pre-1/10/23);Mid-size;A1;B;0;10;10
2023;Tesla;Model 3 Long Range AWD;Mid-size;A1;B;0;10;10
2023;Tesla;Model 3 Long Range AWD (Import);Mid-size;A1;B;0;10;10
2023;Tesla;Model 3 Performance;Mid-size;A1;B;0;10;10
2023;Tesla;Model S;Full-size;A1;B;0;10;10
2023;Tesla;"Model S Plaid (19"" Wheels)";Full-size;A1;B;0;10;10
2023;Tesla;"Model S Plaid (21"" Wheels)";Full-size;A1;B;0;10;10
2023;Tesla;Model X;Sport utility vehicle: Standard;A1;B;0;10;10
2023;Tesla;"Model X Plaid (20"" Wheels)";Sport utility vehicle: Standard;A1;B;0;10;10
2023;Tesla;"Model X Plaid (22"" Wheels)";Sport utility vehicle: Standard;A1;B;0;10;10
2023;Tesla;Model Y RWD;Sport utility vehicle: Small;A1;B;0;10;10
2023;Tesla;Model Y AWD;Sport utility vehicle: Small;A1;B;0;10;10
2023;Tesla;Model Y Long Range AWD;Sport utility vehicle: Small;A1;B;0;10;10
2023;Tesla;Model Y Long Range AWD (Import);Sport utility vehicle: Small;A1;B;0;10;10
2023;Tesla;Model Y Performance;Sport utility vehicle: Small;A1;B;0;10;10
2023;Tesla;Model Y Performance (Import);Sport utility vehicle: Small;A1;B;0;10;10
2023;Toyota;bZ4X;Sport utility vehicle: Small;A1;B;0;10;10
2023;Toyota;bZ4X AWD;Sport utility vehicle: Small;A1;B;0;10;10
2023;VinFast;VF8 ECO;Sport utility vehicle: Small;A1;B;0;10;10
2023;VinFast;VF8 PLUS;Sport utility vehicle: Small;A1;B;0;10;10
2023;VinFast;VF8 PLUS Performance;Sport utility vehicle: Small;A1;B;0;10;10
2023;Volkswagen;ID.4;Sport utility vehicle: Small;A1;B;0;10;10
2023;Volkswagen;ID.4 Pro;Sport utility vehicle: Small;A1;B;0;10;10
2023;Volkswagen;ID.4 AWD Pro;Sport utility vehicle: Small;A1;B;0;10;10
2023;Volvo;C40 Recharge Twin;Sport utility vehicle: Small;A1;B;0;10;10
2023;Volvo;XC40 Recharge Twin;Sport utility vehicle: Small;A1;B;0;10;10
2024;Acura;ZDX A-SPEC AWD;Sport utility vehicle: Standard;A1;B;0;10;10
2024;Acura;ZDX Type S AWD;Sport utility vehicle: Standard;A1;B;0;10;10
2024;Audi;e-tron GT;Compact;A2;B;0;10;10
2024;Audi;RS e-tron GT;Compact;A2;B;0;10;10
2024;Audi;Q4 45 e-tron;Sport utility vehicle: Small;A1;B;0;10;10
2024;Audi;Q4 50 e-tron;Sport utility vehicle: Small;A1;B;0;10;10
2024;Audi;Q4 Sportback 50 e-tron;Sport utility vehicle: Small;A1;B;0;10;10
2024;Audi;Q4 55 e-tron;Sport utility vehicle: Small;A1;B;0;10;10
2024;Audi;Q4 Sportback 55 e-tron;Sport utility vehicle: Small;A1;B;0;10;10
2024;Audi;Q8 e-tron;Sport utility vehicle: Standard;A1;B;0;10;10
2024;Audi;Q8 Sportback e-tron;Sport utility vehicle: Standard;A1;B;0;10;10
2024;Audi;"SQ8 e-tron (20"" Wheels)";Sport utility vehicle: Standard;A1;B;0;10;10
2024;Audi;"SQ8 e-tron (21"" or 22"" Wheels)";Sport utility vehicle: Standard;A1;B;0;10;10
2024;Audi;"SQ8 Sportback e-tron (20"" Wheels)";Sport utility vehicle: Standard;A1;B;0;10;10
2024;Audi;"SQ8 Sportback e-tron (21"" or 22"" Wheels)";Sport utility vehicle: Standard;A1;B;0;10;10
2024;BMW;"i4 eDrive35 Gran Coupe (18"" Wheels)";Subcompact;A1;B;0;10;10
2024;BMW;"i4 eDrive35 Gran Coupe (19"" Wheels)";Subcompact;A1;B;0;10;10
2024;BMW;"i4 eDrive40 Gran Coupe (18"" Wheels)";Subcompact;A1;B;0;10;10
2024;BMW;"i4 eDrive40 Gran Coupe (19"" Wheels)";Subcompact;A1;B;0;10;10
2024;BMW;"i4 xDrive40 Gran Coupe (18"" Wheels)";Subcompact;A1;B;0;10;10
2024;BMW;"i4 xDrive40 Gran Coupe (19"" Wheels)";Subcompact;A1;B;0;10;10
2024;BMW;"i4 M50 Gran Coupe (19"" Wheels)";Subcompact;A1;B;0;10;10
2024;BMW;"i4 M50 Gran Coupe (20"" Wheels)";Subcompact;A1;B;0;10;10
2024;BMW;"i5 M60 Sedan (19"" Wheels)";Compact;A1;B;0;10;10
2024;BMW;"i5 M60 Sedan (20"" Wheels)";Compact;A1;B;0;10;10
2024;BMW;"i5 M60 Sedan (21"" Wheels)";Compact;A1;B;0;10;10
2024;BMW;"i7 xDrive60 Sedan (19"" Wheels)";Full-size;A1;B;0;10;10
2024;BMW;"i7 xDrive60 Sedan (20"" Wheels)";Full-size;A1;B;0;10;10
2024;BMW;"i7 xDrive60 Sedan (21"" Wheels)";Full-size;A1;B;0;10;10
2024;BMW;"i7 M70 xDrive Sedan (20"" Wheels)";Full-size;A1;B;0;10;10
2024;BMW;"i7 M70 xDrive Sedan (21"" Wheels)";Full-size;A1;B;0;10;10
2024;BMW;"iX xDrive40 (20"" Wheels)";Sport utility vehicle: Standard;A1;B;0;10;10
2024;BMW;"iX xDrive40 (21"" Wheels)";Sport utility vehicle: Standard;A1;B;0;10;10
2024;BMW;"iX xDrive40 (22"" Wheels)";Sport utility vehicle: Standard;A1;B;0;10;10
2024;BMW;"iX xDrive50 (20"" Wheels)";Sport utility vehicle: Standard;A1;B;0;10;10
2024;BMW;"iX xDrive50 (21"" Wheels)";Sport utility vehicle: Standard;A1;B;0;10;10
2024;BMW;"iX xDrive50 (22"" Wheels)";Sport utility vehicle: Standard;A1;B;0;10;10
2024;BMW;"iX M60 (21"" Wheels)";Sport utility vehicle: Standard;A1;B;0;10;10
2024;BMW;"iX M60 (22"" Wheels)";Sport utility vehicle: Standard;A1;B;0;10;10
2024;Cadillac;LYRIQ (11.5 kW Charger);Sport utility vehicle: Small;A1;B;0;10;10
2024;Cadillac;LYRIQ (19 kW Charger);Sport utility vehicle: Small;A1;B;0;10;10
2024;Cadillac;LYRIQ AWD (11.5 kW Charger);Sport utility vehicle: Small;A1;B;0;10;10
2024;Cadillac;LYRIQ AWD (19 kW Charger);Sport utility vehicle: Small;A1;B;0;10;10
2024;Chevrolet;Blazer EV RS;Sport utility vehicle: Small;A1;B;0;10;10
2024;Chevrolet;Blazer EV 2LT/RS AWD;Sport utility vehicle: Small;A1;B;0;10;10
2024;Chevrolet;Equinox EV;Sport utility vehicle: Small;A1;B;0;10;10
2024;Chevrolet;Equinox EV AWD;Sport utility vehicle: Small;A1;B;0;10;10
2024;Chevrolet;Silverado EV 3WT;Pickup truck: Standard;A1;B;0;10;10
2024;Chevrolet;Silverado EV 4WT;Pickup truck: Standard;A1;B;0;10;10
2024;FIAT;500e;Minicompact;A1;B;0;10;10
2024;Fisker;"Ocean Extreme (20"" Wheels)";Sport utility vehicle: Standard;A1;B;0;10;10
2024;Fisker;"Ocean Extreme (22"" Wheels)";Sport utility vehicle: Standard;A1;B;0;10;10
2024;Fisker;"Ocean Sport (20"" Wheels)";Sport utility vehicle: Standard;A1;B;0;10;10
2024;Fisker;"Ocean Sport (22"" Wheels)";Sport utility vehicle: Standard;A1;B;0;10;10
2024;Fisker;"Ocean Ultra (20"" Wheels)";Sport utility vehicle: Standard;A1;B;0;10;10
2024;Fisker;"Ocean Ultra (22"" Wheels)";Sport utility vehicle: Standard;A1;B;0;10;10
2024;Ford;F-150 Lightning Standard Range;Pickup truck: Standard;A1;B;0;10;10
2024;Ford;F-150 Lightning Extended Range;Pickup truck: Standard;A1;B;0;10;10
2024;Ford;F-150 Lightning Platinum;Pickup truck: Standard;A1;B;0;10;10
2024;Ford;F-150 Lightning Pro;Pickup truck: Standard;A1;B;0;10;10
2024;Ford;Mustang Mach-E Standard Range;Sport utility vehicle: Small;A1;B;0;10;10
2024;Ford;Mustang Mach-E Standard Range AWD;Sport utility vehicle: Small;A1;B;0;10;10
2024;Ford;Mustang Mach-E Extended Range;Sport utility vehicle: Small;A1;B;0;10;10
2024;Ford;Mustang Mach-E Extended Range AWD;Sport utility vehicle: Small;A1;B;0;10;10
2024;Ford;Mustang Mach-E GT;Sport utility vehicle: Small;A1;B;0;10;10
2024;Ford;Mustang Mach-E Rally;Sport utility vehicle: Small;A1;B;0;10;10
2024;Genesis;Electrified G80;Full-size;A1;B;0;10;10
2024;Genesis;GV60 Advanced AWD;Sport utility vehicle: Small;A1;B;0;10;10
2024;Genesis;GV60 Performance AWD;Sport utility vehicle: Small;A1;B;0;10;10
2024;Genesis;Electrified GV70;Sport utility vehicle: Small;A1;B;0;10;10
2024;GMC;HUMMER EV2X Pickup;Pickup truck: Standard;A1;B;0;10;10
2024;GMC;HUMMER EV2X Pickup Mud Terrain Tire;Pickup truck: Standard;A1;B;0;10;10
2024;GMC;HUMMER EV2X SUV;Sport utility vehicle: Standard;A1;B;0;10;10
2024;GMC;HUMMER EV2X SUV Mud Terrain Tire;Sport utility vehicle: Standard;A1;B;0;10;10
2024;GMC;HUMMER EV3X SUV;Sport utility vehicle: Standard;A1;B;0;10;10
2024;GMC;HUMMER EV3X SUV Mud Terrain Tire;Sport utility vehicle: Standard;A1;B;0;10;10
2024;Honda;Prologue EX AWD;Sport utility vehicle: Standard;A1;B;0;10;10
2024;Honda;Prologue EX-L AWD;Sport utility vehicle: Standard;A1;B;0;10;10
2024;Honda;Prologue Touring AWD;Sport utility vehicle: Standard;A1;B;0;10;10
2024;Hyundai;IONIQ 5 Long Range;Sport utility vehicle: Small;A1;B;0;10;10
2024;Hyundai;IONIQ 5 Long Range AWD;Sport utility vehicle: Small;A1;B;0;10;10
2024;Hyundai;IONIQ 6 Long Range (18'' Wheels);Mid-size;A1;B;0;10;10
2024;Hyundai;IONIQ 6 Long Range (20'' Wheels);Mid-size;A1;B;0;10;10
2024;Hyundai;IONIQ 6 Long Range AWD (18'' Wheels);Mid-size;A1;B;0;10;10
2024;Hyundai;IONIQ 6 Long Range AWD (20'' Wheels);Mid-size;A1;B;0;10;10
2024;Hyundai;Kona Electric Long Range;Sport utility vehicle: Small;A1;B;0;10;10
2024;Jaguar;I-PACE;Sport utility vehicle: Small;A1;B;0;10;10
2024;Kia;EV6 Wind;Sport utility vehicle: Small;A1;B;0;10;10
2024;Kia;"EV6 Land AWD (19"" Wheels)";Sport utility vehicle: Small;A1;B;0;10;10
2024;Kia;"EV6 Land AWD (20"" Wheels)";Sport utility vehicle: Small;A1;B;0;10;10
2024;Kia;EV6 GT AWD;Sport utility vehicle: Small;A1;B;0;10;10
2024;Kia;EV9 Light;Sport utility vehicle: Standard;A1;B;0;10;10
2024;Kia;EV9 Wind;Sport utility vehicle: Standard;A1;B;0;10;10
2024;Kia;EV9 Land AWD;Sport utility vehicle: Standard;A1;B;0;10;10
2024;Kia;EV9 Land AWD GT-Line;Sport utility vehicle: Standard;A1;B;0;10;10
2024;Kia;Niro EV;Sport utility vehicle: Small;A1;B;0;10;10
2024;Lexus;"RZ 450e AWD (18"" Wheels)";Sport utility vehicle: Small;A1;B;0;10;10
2024;Lexus;"RZ 450e AWD (20"" Wheels)";Sport utility vehicle: Small;A1;B;0;10;10
2024;Lucid;"Air Pure (19"" Wheels)";Full-size;A1;B;0;10;10
2024;Lucid;"Air Pure (20"" Wheels)";Full-size;A1;B;0;10;10
2024;Lucid;Air Sapphire AWD;Full-size;A1;B;0;10;10
2024;Lucid;"Air Touring AWD (19"" Wheels)";Full-size;A1;B;0;10;10
2024;Lucid;"Air Touring AWD (20"" Wheels)";Full-size;A1;B;0;10;10
2024;Lucid;"Air Touring AWD (21"" Wheels)";Full-size;A1;B;0;10;10
2024;Mazda;MX-30;Mid-size;A1;B;0;10;10
2024;Mercedes-Benz;AMG EQE 4MATIC+ Sedan;Mid-size;A1;B;0;10;10
2024;Mercedes-Benz;AMG EQE 4MATIC+ SUV;Sport utility vehicle: Standard;A1;B;0;10;10
2024;Mercedes-Benz;AMG EQS 4MATIC+ Sedan;Full-size;A1;B;0;10;10
2024;Mercedes-Benz;EQB 250+;Sport utility vehicle: Small;A1;B;0;10;10
2024;Mercedes-Benz;EQB 300 4MATIC;Sport utility vehicle: Small;A1;B;0;10;10
2024;Mercedes-Benz;EQE 350 4MATIC Sedan;Mid-size;A1;B;0;10;10
2024;Mercedes-Benz;EQE 350 4MATIC SUV;Sport utility vehicle: Standard;A1;B;0;10;10
2024;Mercedes-Benz;EQE 500 4MATIC Sedan;Mid-size;A1;B;0;10;10
2024;Mercedes-Benz;EQE 500 4MATIC SUV;Sport utility vehicle: Standard;A1;B;0;10;10
2024;Mercedes-Benz;EQS 450 4MATIC Sedan;Full-size;A1;B;0;10;10
2024;Mercedes-Benz;EQS 450 4MATIC SUV;Sport utility vehicle: Standard;A1;B;0;10;10
2024;Mercedes-Benz;EQS 580 4MATIC Sedan;Full-size;A1;B;0;10;10
2024;Mercedes-Benz;EQS 580 4MATIC SUV;Sport utility vehicle: Standard;A1;B;0;10;10
2024;Mercedes-Benz;Maybach EQS 680 4MATIC SUV;Sport utility vehicle: Standard;A1;B;0;10;10
2024;MINI;Cooper SE 3 Door;Subcompact;A1;B;0;10;10
2024;Nissan;ARIYA Engage;Station wagon: Small;A1;B;0;10;10
2024;Nissan;ARIYA Evolve+;Station wagon: Small;A1;B;0;10;10
2024;Nissan;ARIYA Evolve e-4ORCE;Station wagon: Small;A1;B;0;10;10
2024;Nissan;ARIYA Evolve+ e-4ORCE;Station wagon: Small;A1;B;0;10;10
2024;Nissan;ARIYA Platinum+ e-4ORCE;Station wagon: Small;A1;B;0;10;10
2024;Nissan;LEAF SV;Mid-size;A1;B;0;10;10
2024;Nissan;LEAF SV PLUS;Mid-size;A1;B;0;10;10
2024;Polestar;"2 Single Motor (19"" Wheels)";Mid-size;A1;B;0;10;10
2024;Polestar;"2 Single Motor (20"" Wheels)";Mid-size;A1;B;0;10;10
2024;Polestar;"2 Dual Motor (19"" Wheels)";Mid-size;A1;B;0;10;10
2024;Polestar;"2 Dual Motor (20"" Wheels)";Mid-size;A1;B;0;10;10
2024;Polestar;2 Dual Motor Performance Pack;Mid-size;A1;B;0;10;10
2024;Rivian;"R1S All-Terrain Dual Large (20"" Wheels)";Sport utility vehicle: Standard;A1;B;0;10;10
2024;Rivian;"R1S AT Performance Dual Large (20"" Wheels)";Sport utility vehicle: Standard;A1;B;0;10;10
2024;Rivian;"R1S Dual Large (21"" Wheels)";Sport utility vehicle: Standard;A1;B;0;10;10
2024;Rivian;"R1S Performance Dual Large (21"" Wheels)";Sport utility vehicle: Standard;A1;B;0;10;10
2024;Rivian;"R1S Dual Large (22"" Wheels)";Sport utility vehicle: Standard;A1;B;0;10;10
2024;Rivian;"R1S Performance Dual Large (22"" Wheels)";Sport utility vehicle: Standard;A1;B;0;10;10
2024;Rivian;"R1S All-Terrain Dual Max (20"" Wheels)";Sport utility vehicle: Standard;A1;B;0;10;10
2024;Rivian;"R1S All-Terrain Performance Dual Max (20"" Wheels)";Sport utility vehicle: Standard;A1;B;0;10;10
2024;Rivian;"R1S Dual Max (21"" Wheels)";Sport utility vehicle: Standard;A1;B;0;10;10
2024;Rivian;"R1S Performance Dual Max (21"" Wheels)";Sport utility vehicle: Standard;A1;B;0;10;10
2024;Rivian;"R1S Dual Max (22"" Wheels)";Sport utility vehicle: Standard;A1;B;0;10;10
2024;Rivian;"R1S Performance Dual Max (22"" Wheels)";Sport utility vehicle: Standard;A1;B;0;10;10
2024;Rivian;"R1S Quad Large (20"" Wheels)";Sport utility vehicle: Standard;A1;B;0;10;10
2024;Rivian;"R1S All-Terrain Quad Large (20"" Wheels)";Sport utility vehicle: Standard;A1;B;0;10;10
2024;Rivian;"R1S Quad Large (21"" Wheels)";Sport utility vehicle: Standard;A1;B;0;10;10
2024;Rivian;"R1S Quad Large (22"" Wheels)";Sport utility vehicle: Standard;A1;B;0;10;10
2024;Rivian;"R1T All-Terrain Dual Large (20"" Wheels)";Pickup truck: Standard;A1;B;0;10;10
2024;Rivian;"R1T AT Performance Dual Large (20"" Wheels)";Pickup truck: Standard;A1;B;0;10;10
2024;Rivian;"R1T Dual Large (21"" Wheels)";Pickup truck: Standard;A1;B;0;10;10
2024;Rivian;"R1T Performance Dual Large (21"" Wheels)";Pickup truck: Standard;A1;B;0;10;10
2024;Rivian;"R1T Dual Large (22"" Wheels)";Pickup truck: Standard;A1;B;0;10;10
2024;Rivian;"R1T Performance Dual Large (22"" Wheels)";Pickup truck: Standard;A1;B;0;10;10
2024;Rivian;"R1T All-Terrain Dual Max (20"" Wheels)";Pickup truck: Standard;A1;B;0;10;10
2024;Rivian;"R1T All-Terrain Performance Dual Max (20"" Wheels)";Pickup truck: Standard;A1;B;0;10;10
2024;Rivian;"R1T Dual Max (21"" Wheels)";Pickup truck: Standard;A1;B;0;10;10
2024;Rivian;"R1T Performance Dual Max (21"" Wheels)";Pickup truck: Standard;A1;B;0;10;10
2024;Rivian;"R1T Dual Max (22"" Wheels)";Pickup truck: Standard;A1;B;0;10;10
2024;Rivian;"R1T Performance Dual Max (22"" Wheels)";Pickup truck: Standard;A1;B;0;10;10
2024;Rivian;"R1T Quad Large (20"" Wheels)";Pickup truck: Standard;A1;B;0;10;10
2024;Rivian;"R1T All-Terrain Quad Large (20"" Wheels)";Pickup truck: Standard;A1;B;0;10;10
2024;Rivian;"R1T Quad Large (21"" Wheels)";Pickup truck: Standard;A1;B;0;10;10
2024;Rivian;"R1T Quad Large (22"" Wheels)";Pickup truck: Standard;A1;B;0;10;10
2024;Rolls-Royce;"Spectre (22"" Wheels)";Compact;A1;B;0;10;10
2024;Rolls-Royce;"Spectre (23"" Wheels)";Compact;A1;B;0;10;10
2024;Rolls-Royce;"Black Badge Spectre (22"" Wheels)";Compact;A1;B;0;10;10
2024;Rolls-Royce;"Black Badge Spectre (23"" Wheels)";Compact;A1;B;0;10;10
2024;Subaru;Solterra AWD;Sport utility vehicle: Small;A1;B;0;10;10
2024;Tesla;Model 3 RWD;Mid-size;A1;B;0;10;10
2024;Tesla;Model 3 RWD (Import);Mid-size;A1;B;0;10;10
2024;Tesla;Model 3 Long Range AWD;Mid-size;A1;B;0;10;10
2024;Tesla;Model 3 Long Range AWD (Import);Mid-size;A1;B;0;10;10
2024;Tesla;Model S;Full-size;A1;B;0;10;10
2024;Tesla;"Model S Plaid (19"" Wheels)";Full-size;A1;B;0;10;10
2024;Tesla;"Model S Plaid (21"" Wheels)";Full-size;A1;B;0;10;10
2024;Tesla;Model X;Sport utility vehicle: Standard;A1;B;0;10;10
2024;Tesla;"Model X Plaid (20"" Wheels)";Sport utility vehicle: Standard;A1;B;0;10;10
2024;Tesla;"Model X Plaid (22"" Wheels)";Sport utility vehicle: Standard;A1;B;0;10;10
2024;Tesla;Model Y RWD;Sport utility vehicle: Small;A1;B;0;10;10
2024;Tesla;Model Y Long Range AWD;Sport utility vehicle: Small;A1;B;0;10;10
2024;Tesla;Model Y Performance;Sport utility vehicle: Small;A1;B;0;10;10
2024;Toyota;bZ4X;Sport utility vehicle: Small;A1;B;0;10;10
2024;Toyota;bZ4X AWD;Sport utility vehicle: Small;A1;B;0;10;10
2024;VinFast;VF8 ECO;Sport utility vehicle: Small;A1;B;0;10;10
2024;VinFast;VF8 PLUS;Sport utility vehicle: Small;A1;B;0;10;10
2024;VinFast;VF8 PLUS Performance;Sport utility vehicle: Small;A1;B;0;10;10
2024;VinFast;VF9 ECO;Sport utility vehicle: Standard;A1;B;0;10;10
2024;VinFast;VF9 PLUS;Sport utility vehicle: Standard;A1;B;0;10;10
2024;Volkswagen;ID.4;Sport utility vehicle: Small;A1;B;0;10;10
2024;Volkswagen;ID.4 S;Sport utility vehicle: Small;A1;B;0;10;10
2024;Volkswagen;ID.4 Pro;Sport utility vehicle: Small;A1;B;0;10;10
2024;Volkswagen;ID.4 Pro S;Sport utility vehicle: Small;A1;B;0;10;10
2024;Volkswagen;ID.4 AWD Pro;Sport utility vehicle: Small;A1;B;0;10;10
2024;Volkswagen;ID.4 AWD Pro S;Sport utility vehicle: Small;A1;B;0;10;10
2024;Volvo;C40 Recharge;Sport utility vehicle: Small;A1;B;0;10;10
2024;Volvo;C40 Recharge Twin;Sport utility vehicle: Small;A1;B;0;10;10
2024;Volvo;XC40 Recharge;Sport utility vehicle: Small;A1;B;0;10;10
2024;Volvo;XC40 Recharge Twin;Sport utility vehicle: Small;A1;B;0;10;10